Word,Score
slate,99.47300215982722
tease,97.69330453563715
cease,97.63282937365011
erase,96.91576673866092
sleet,96.39740820734342
stare,96.23326133909288
share,96.19006479481642
sense,95.8012958963283
saute,95.61123110151189
scree,95.60259179265658
spree,95.55939524838013
crane,95.4902807775378
saner,95.46436285097192
snare,95.33477321814256
stale,95.11015118790496
shale,95.06695464362852
lease,94.97192224622032
crate,94.96328293736501
state,94.20302375809936
sauce,93.99568034557234
slice,93.42548596112312
trace,93.40820734341253
raise,93.31317494600432
arise,93.26997840172785
arose,93.036717062635
tepee,92.87257019438445
melee,92.86393088552917
scare,92.45788336933046
spare,92.41468682505399
suite,92.21598272138229
peace,91.78401727861771
shire,91.75809935205183
elate,91.64578833693307
store,91.56803455723542
shore,91.52483801295897
scale,91.33477321814254
eerie,91.26565874730022
sheet,91.08423326133911
crone,90.82505399568035
steer,90.82505399568035
sheer,90.7818574514039
terse,90.7818574514039
snore,90.6695464362851
trite,90.59179265658747
brace,90.5745140388769
crier,90.5745140388769
saint,90.52267818574514
slave,90.47948164146868
three,90.47948164146868
stole,90.4449244060475
shine,90.2548596112311
seize,90.1598272138229
stone,90.06479481641469
shone,90.02159827213822
rarer,90.01295896328294
grate,89.9438444924406
sneer,89.92656587473003
blare,89.81425485961122
surer,89.77969762419008
serve,89.77969762419006
irate,89.5550755939525
puree,89.5377969762419
siege,89.3477321814255
teary,89.28725701943844
geese,89.19222462203024
payee,89.17494600431965
slide,89.11447084233262
trade,89.09719222462203
trice,88.97624190064795
sooty,88.90712742980561
space,88.76889848812095
sorry,88.69114470842331
slime,88.4060475161987
grace,88.32829373650108
alone,88.29373650107992
brine,88.28509719222464
slant,88.25917926565874
shade,88.23326133909288
spire,87.98272138228941
stage,87.87041036717062
parse,87.83585313174947
slope,87.83585313174946
prose,87.792656587473
score,87.792656587473
flare,87.77537796976242
loose,87.76673866090712
eater,87.75809935205184
spore,87.74946004319654
plane,87.71490280777537
suave,87.65442764578833
glare,87.56803455723542
cause,87.55939524838013
safer,87.55939524838013
scene,87.53347732181426
shame,87.52483801295897
prone,87.45572354211663
sever,87.44708423326135
beret,87.42980561555076
corer,87.36069114470843
poise,87.2915766738661
elite,87.21382289416847
plate,87.1879049676026
shape,87.18790496760259
gooey,87.05831533477323
parer,87.01511879049676
tense,86.94600431965443
greet,86.86825053995682
steel,86.85097192224623
sally,86.83369330453563
skate,86.82505399568035
sewer,86.81641468682506
freer,86.7732181425486
seedy,86.76457883369332
close,86.75593952483803
since,86.73866090712744
reuse,86.70410367170628
sieve,86.68682505399568
cater,86.6695464362851
soapy,86.60043196544275
salve,86.50539956803455
spine,86.47948164146868
tenet,86.42764578833693
clone,86.41900647948165
canoe,86.41900647948164
sober,86.3585313174946
drone,86.34125269978402
scone,86.28941684665227
chase,86.10799136069114
drier,86.09071274298057
stake,86.09071274298057
shake,86.0475161987041
crave,85.96976241900647
spite,85.9524838012959
salty,85.92656587473002
agree,85.91792656587474
siren,85.89200863930886
sleek,85.86609071274299
place,85.57235421166307
price,85.5464362850972
swore,85.52915766738661
erode,85.46004319654429
smile,85.42548596112312
goose,85.40820734341253
stave,85.20950323974083
snake,85.19222462203024
shave,85.16630669546436
leave,85.11447084233262
moose,85.10583153347733
sweet,85.08855291576674
borne,85.07127429805615
sassy,84.97624190064795
creme,84.90712742980563
taste,84.82937365010798
segue,84.8207343412527
caste,84.76889848812095
sleep,84.76025917926566
crepe,84.57019438444925
noise,84.55291576673866
smite,84.5183585313175
truer,84.50971922246221
start,84.49244060475161
spade,84.45788336933046
sheen,84.44060475161987
saucy,84.42332613390928
spice,84.33693304535637
noose,84.31965442764579
smote,84.28509719222461
sower,84.27645788336935
alley,84.27645788336932
reset,84.25917926565876
swine,84.25917926565874
belle,84.23326133909288
pause,84.19006479481641
rouse,84.16414686825054
brake,84.07775377969762
grade,84.01727861771059
later,84.0086393088553
latte,83.96544276457882
farce,83.91360691144709
there,83.91360691144709
crime,83.8963282937365
craze,83.87041036717062
baler,83.85313174946003
urine,83.84449244060477
matey,83.81857451403889
belie,83.64578833693305
solar,83.62850971922246
cagey,83.62850971922245
tripe,83.61987041036717
trait,83.6025917926566
array,83.55075593952483
sonar,83.55075593952483
frame,83.51619870410369
drape,83.50755939524839
solve,83.4816414686825
toast,83.41252699784017
rupee,83.40388768898488
surge,83.40388768898488
rainy,83.40388768898487
trope,83.38660907127431
coast,83.35205183585313
shalt,83.32613390928725
route,83.30021598272138
paler,83.25701943844493
least,83.23110151187905
boney,83.22246220302377
brave,83.19654427645787
penne,83.17926565874731
aware,83.15334773218143
creed,83.15334773218143
leery,83.14470842332614
write,83.12742980561555
beast,83.11879049676025
eagle,83.11015118790498
treat,83.05831533477323
react,83.04103671706264
genre,83.03239740820734
semen,83.03239740820734
atone,83.02375809935205
roast,82.98056155507558
grape,82.97192224622032
snide,82.94600431965443
wrote,82.89416846652269
leant,82.89416846652267
scary,82.88552915766738
truce,82.85097192224623
carry,82.79913606911447
plier,82.79913606911447
mealy,82.78185745140388
early,82.7645788336933
these,82.74730021598273
phase,82.73866090712744
fleet,82.6695464362851
false,82.63498920086393
chore,82.60907127429806
cadet,82.51403887688986
forte,82.50539956803456
stair,82.47948164146868
skier,82.43628509719223
sadly,82.41900647948164
dense,82.40172786177106
steed,82.39308855291577
drake,82.36717062634989
eager,82.24622030237582
lance,82.22894168466523
wooer,82.20302375809936
tried,82.20302375809935
cried,82.14254859611232
spiel,82.02159827213823
singe,82.02159827213822
baste,81.99568034557235
story,81.99568034557234
easel,81.92656587473002
snipe,81.90064794816416
shear,81.89200863930887
louse,81.87473002159828
meaty,81.87473002159828
preen,81.87473002159828
cheer,81.86609071274299
beset,81.8574514038877
blade,81.8574514038877
alter,81.8488120950324
horse,81.8488120950324
bride,81.83153347732181
weary,81.82289416846652
boule,81.80561555075595
carat,81.79697624190064
piece,81.77969762419008
scaly,81.76241900647948
tribe,81.7537796976242
racer,81.7451403887689
deter,81.70194384449245
alien,81.70194384449243
curse,81.68466522678185
taint,81.66738660907129
tract,81.66738660907129
brute,81.63282937365011
prune,81.56371490280777
abase,81.52051835853132
those,81.50323974082075
dealt,81.45140388768898
heave,81.4427645788337
chose,81.44276457883369
stoke,81.42548596112312
eaten,81.41684665226782
slain,81.40820734341253
paste,81.39956803455723
table,81.39092872570194
trove,81.36501079913607
creek,81.35637149028078
flier,81.35637149028078
carve,81.34773218142549
large,81.34773218142549
shied,81.33909287257019
cable,81.33045356371491
genie,81.32181425485962
taper,81.31317494600432
elide,81.28725701943844
caper,81.25269978401728
crony,81.25269978401727
pride,81.23542116630671
barge,81.2354211663067
verse,81.22678185745141
blame,81.14902807775378
seven,81.10583153347733
feast,81.07991360691145
surly,81.07127429805615
pence,81.036717062635
tamer,81.00215982721383
grave,80.95032397408207
stray,80.91576673866089
ready,80.89848812095033
force,80.88984881209504
meter,80.86393088552916
dairy,80.79481641468682
worse,80.77753779697625
agate,80.74298056155509
slash,80.73434125269978
heart,80.7257019438445
shiny,80.68250539956803
money,80.67386609071275
crest,80.66522678185746
abate,80.65658747300216
super,80.64794816414687
boast,80.57883369330455
stove,80.54427645788337
prime,80.52699784017278
title,80.52699784017278
shove,80.5010799136069
stony,80.49244060475161
aisle,80.48380129589634
cruel,80.47516198704105
fairy,80.46652267818574
ladle,80.41468682505399
dance,80.40604751619871
breed,80.38012958963283
weave,80.37149028077755
haute,80.36285097192224
hater,80.33693304535637
masse,80.3110151187905
creep,80.25053995680346
meant,80.23326133909288
green,80.22462203023758
deuce,80.11231101511879
shirt,80.01727861771059
elope,80.0086393088553
rinse,79.93088552915766
sandy,79.92224622030237
alike,79.88768898488121
range,79.8012958963283
short,79.7840172786177
silly,79.76673866090712
daily,79.67170626349892
honey,79.66306695464363
daisy,79.62850971922245
glade,79.61123110151189
fence,79.5939524838013
berry,79.54211663066955
inane,79.50755939524839
algae,79.4902807775378
steep,79.4902807775378
sheep,79.44708423326134
betel,79.43844492440607
parry,79.42980561555075
broke,79.41252699784019
lapse,79.41252699784017
pearl,79.41252699784017
relay,79.35205183585313
trail,79.32613390928725
snarl,79.31749460043197
alert,79.3002159827214
erect,79.27429805615552
water,79.26565874730022
posse,79.23974082073434
smart,79.23974082073434
scant,79.21382289416847
mouse,79.21382289416846
panel,79.20518358531318
guile,79.1879049676026
adore,79.16198704103672
guise,79.14470842332614
gaily,79.13606911447084
loser,79.12742980561555
flame,79.11015118790498
stall,79.09287257019437
copse,79.04967602591793
shall,79.04967602591793
niece,79.04103671706264
alive,79.00647948164146
hairy,78.94600431965442
stilt,78.93736501079913
snort,78.92872570194385
bribe,78.92008639308855
briar,78.91144708423326
grime,78.87688984881211
sooth,78.8768898488121
graze,78.85097192224623
slimy,78.83369330453563
scope,78.79049676025917
pried,78.7732181425486
whale,78.74730021598273
grant,78.73002159827215
poesy,78.73002159827215
briny,78.71274298056156
voice,78.68682505399568
shady,78.66090712742981
salsa,78.61771058315335
cleat,78.59179265658747
piney,78.58315334773218
speed,78.57451403887688
tarot,78.57451403887688
stint,78.5572354211663
gripe,78.53995680345574
goner,78.50539956803456
beady,78.49676025917927
lager,78.49676025917927
crude,78.47948164146868
covey,78.4622030237581
haste,78.43628509719223
poser,78.41900647948165
sauna,78.39308855291577
freed,78.34125269978401
purse,78.31533477321814
roost,78.31533477321813
style,78.31533477321813
grope,78.30669546436286
clear,78.28941684665227
deity,78.28077753779698
corny,78.27213822894169
paint,78.23758099352051
retry,78.22894168466523
savoy,78.22894168466522
comet,78.22030237580995
salad,78.22030237580992
beget,78.20302375809936
house,78.20302375809936
merge,78.20302375809936
diary,78.1598272138229
nosey,78.1511879049676
greed,78.13390928725703
spear,78.11663066954644
leper,78.10799136069116
probe,78.09071274298056
hence,78.07343412526998
emcee,78.03023758099354
tulle,78.03023758099351
great,77.97840172786178
tally,77.97840172786177
taker,77.96976241900649
steal,77.96112311015119
prove,77.93520518358531
sissy,77.90928725701943
paper,77.88336933045358
layer,77.8401727861771
spike,77.8401727861771
refer,77.78833693304537
liege,77.77105831533478
trial,77.77105831533478
roger,77.76241900647949
learn,77.7537796976242
phone,77.73650107991361
naive,77.71922246220302
shoot,77.66738660907126
dried,77.65874730021599
flake,77.63282937365011
snail,77.60691144708424
facet,77.60691144708423
spoke,77.60691144708423
spied,77.56371490280777
rally,77.54643628509719
artsy,77.50323974082073
ferry,77.50323974082073
purer,77.49460043196544
reedy,77.47732181425486
satin,77.47732181425486
marry,77.47732181425485
afire,77.46868250539957
canny,77.46004319654428
valet,77.43412526997841
cutie,77.42548596112312
party,77.39956803455723
riser,77.37365010799137
waste,77.36501079913607
slept,77.33909287257019
fried,77.33045356371491
sully,77.31317494600432
bluer,77.26997840172785
agile,77.21814254859612
booty,77.2181425485961
yeast,77.14902807775378
payer,77.1317494600432
tatty,77.11447084233262
lorry,77.11447084233261
spray,77.09719222462202
drive,77.05399568034558
catty,77.05399568034557
salon,77.02807775377968
aider,77.01943844492442
error,77.01079913606912
merry,76.99352051835854
camel,76.96760259179266
rouge,76.96760259179266
train,76.95896328293736
blast,76.90712742980561
spiny,76.90712742980561
clove,76.89848812095033
friar,76.87257019438445
sunny,76.85529157667386
drove,76.8207343412527
liner,76.8207343412527
maple,76.79481641468684
faint,76.79481641468682
ruler,76.73434125269979
coupe,76.69978401727862
blaze,76.69114470842332
ratty,76.68250539956804
smear,76.68250539956803
shoal,76.67386609071275
elder,76.60475161987043
fable,76.51835853131749
shaky,76.47516198704103
cairn,76.46652267818574
harry,76.46652267818574
where,76.44924406047517
chafe,76.44060475161987
repel,76.4233261339093
leaky,76.42332613390928
waive,76.42332613390928
maize,76.4060475161987
covet,76.2937365010799
grove,76.28509719222463
trash,76.28509719222463
lathe,76.23326133909288
tweet,76.23326133909288
crash,76.22462203023758
dopey,76.21598272138229
sweat,76.19870410367172
arena,76.1987041036717
forge,76.17278617710583
smoke,76.17278617710582
stain,76.13822894168466
foray,76.12958963282938
spelt,76.12958963282937
bathe,76.12095032397409
biome,76.11231101511879
prize,76.06911447084234
slosh,76.06911447084234
sport,76.0086393088553
cover,75.9913606911447
argue,75.97408207343412
bleed,75.97408207343412
plant,75.97408207343412
gorge,75.96544276457882
print,75.94816414686825
gamer,75.92224622030238
boost,75.91360691144709
swear,75.8963282937365
lever,75.87041036717063
irony,75.84449244060474
bleat,75.81857451403887
truly,75.8012958963283
scent,75.792656587473
plait,75.76673866090712
savor,75.75809935205183
spent,75.74946004319654
leafy,75.73218142548596
shard,75.71490280777537
booze,75.6976241900648
anode,75.67170626349892
rebel,75.63714902807776
shell,75.62850971922246
rover,75.61987041036718
snaky,75.61987041036717
teach,75.61123110151189
slack,75.585313174946
nurse,75.57667386609072
beard,75.55075593952483
taunt,75.54211663066955
chart,75.53347732181426
order,75.53347732181426
slang,75.49028077753779
gayer,75.48164146868251
adage,75.46436285097192
stash,75.46436285097192
gruel,75.45572354211663
tower,75.42116630669547
sedan,75.41252699784017
twine,75.40388768898488
leapt,75.3952483801296
allay,75.3866090712743
leash,75.36933045356372
cower,75.36069114470843
loamy,75.36069114470843
gauge,75.34341252699784
tasty,75.25701943844493
theme,75.24838012958963
troll,75.24838012958963
delay,75.23974082073434
pleat,75.22246220302375
point,75.21382289416846
sloth,75.20518358531318
anime,75.19654427645789
flute,75.18790496760259
glide,75.17926565874731
reach,75.17926565874731
elude,75.16198704103672
cider,75.14470842332614
baker,75.13606911447084
heist,75.12742980561555
spilt,75.11879049676025
diode,75.11015118790498
prude,75.11015118790498
horde,75.05831533477323
filet,75.04967602591793
prior,75.03239740820734
bloke,75.00647948164146
diner,74.99784017278618
satyr,74.99784017278617
rower,74.98920086393089
noisy,74.9805615550756
heady,74.93736501079914
tardy,74.90280777537797
enter,74.8941684665227
chide,74.88552915766738
elect,74.86825053995682
mange,74.85097192224623
rider,74.77321814254861
testy,74.77321814254859
spicy,74.76457883369329
nerve,74.75593952483801
filer,74.74730021598273
smelt,74.69546436285097
chute,74.68682505399568
finer,74.6695464362851
belly,74.66090712742981
still,74.6609071274298
lapel,74.61771058315335
frost,74.60907127429806
bloat,74.57451403887688
pulse,74.55723542116631
patsy,74.548596112311
utile,74.548596112311
waist,74.53995680345572
tiara,74.53131749460044
palsy,74.50539956803456
coral,74.49676025917927
frail,74.45356371490281
glaze,74.44492440604752
pansy,74.42764578833693
stern,74.42764578833693
craft,74.41900647948164
bagel,74.41036717062636
fiery,74.41036717062634
droit,74.39308855291577
froze,74.39308855291577
plied,74.36717062634989
motel,74.34989200863932
cache,74.34125269978402
butte,74.33261339092874
tread,74.32397408207343
while,74.31533477321815
crazy,74.29805615550755
batty,74.28077753779698
front,74.27213822894169
stand,74.2548596112311
grail,74.24622030237582
carol,74.23758099352051
ramen,74.22894168466522
terra,74.20302375809935
crass,74.19438444924405
revel,74.18574514038878
chime,74.17710583153348
miner,74.1598272138229
exile,74.1511879049676
tiger,74.1511879049676
voter,74.1511879049676
brain,74.12526997840173
foist,74.10799136069114
whole,74.08207343412528
staid,74.0475161987041
whose,74.03887688984881
verge,74.03023758099353
chant,74.03023758099351
flair,74.02159827213822
slyly,74.01295896328293
rearm,74.00431965442766
brief,73.98704103671707
repay,73.97840172786178
court,73.96112311015118
stark,73.96112311015118
giant,73.9524838012959
tenor,73.9524838012959
timer,73.93520518358532
whine,73.93520518358531
shark,73.91792656587472
sinew,73.89200863930886
trout,73.89200863930886
small,73.8401727861771
label,73.83153347732181
piety,73.82289416846653
riper,73.81425485961124
teeth,73.80561555075595
agape,73.77105831533478
wager,73.7537796976242
dryer,73.72786177105831
fever,73.71922246220304
canal,73.68466522678186
patty,73.68466522678186
defer,73.67602591792658
aside,73.6501079913607
tilde,73.6501079913607
apart,73.63282937365011
shaft,73.61555075593952
penny,73.60691144708423
moist,73.59827213822894
trust,73.58963282937364
sappy,73.58099352051835
crust,73.52915766738661
chair,73.52051835853132
stead,73.50323974082073
wooly,73.49460043196544
brash,73.45140388768898
sweep,73.45140388768898
dally,73.4341252699784
stool,73.4341252699784
white,73.40820734341253
egret,73.39092872570194
revue,73.39092872570194
warty,73.36501079913607
mercy,73.34773218142549
hotel,73.3390928725702
lover,73.33045356371491
glory,73.3304535637149
triad,73.31317494600432
slink,73.29589632829374
cheat,73.27861771058315
curry,73.27861771058315
twice,73.26133909287257
wrest,73.26133909287256
ovate,73.24406047516199
serif,73.23542116630671
crank,73.2181425485961
laden,73.20950323974083
foamy,73.20950323974081
petty,73.20086393088553
opine,73.17494600431966
shorn,73.14038876889848
merit,73.11447084233262
fewer,73.08855291576675
bleep,73.07127429805615
stout,73.07127429805615
badge,73.06263498920086
cameo,73.03671706263499
dicey,73.03671706263499
shout,73.02807775377968
awake,73.01079913606912
board,73.01079913606911
coach,73.01079913606911
rogue,72.99352051835854
roomy,72.98488120950324
south,72.98488120950324
altar,72.95896328293736
radar,72.95032397408207
forty,72.93304535637148
queer,72.92440604751621
leach,72.88984881209504
realm,72.88120950323975
cedar,72.83801295896329
stalk,72.83801295896328
acute,72.829373650108
renal,72.829373650108
today,72.829373650108
crept,72.82937365010798
sharp,72.8120950323974
evade,72.79481641468684
shrew,72.78617710583154
beach,72.77753779697625
outer,72.76025917926566
unite,72.74298056155509
olive,72.74298056155507
stein,72.71706263498919
lower,72.69978401727863
ledge,72.69114470842334
death,72.68250539956804
skirt,72.68250539956803
foyer,72.66522678185746
fanny,72.64794816414687
ester,72.63930885529159
roach,72.63930885529157
sound,72.63930885529157
delve,72.622030237581
maker,72.58747300215983
hoist,72.58747300215981
float,72.53563714902808
manly,72.51835853131749
mince,72.50107991360692
choke,72.46652267818575
creak,72.46652267818575
dirge,72.45788336933046
count,72.45788336933045
stank,72.45788336933045
stunt,72.43196544276458
miser,72.4233261339093
never,72.4233261339093
drain,72.41468682505399
shank,72.41468682505399
shunt,72.38876889848812
mauve,72.38012958963283
worry,72.37149028077754
value,72.36285097192226
guide,72.35421166306696
gloat,72.32829373650108
elegy,72.3196544276458
gouge,72.31965442764579
ruder,72.31965442764579
solid,72.31965442764579
lousy,72.3023758099352
raven,72.3023758099352
wrist,72.25053995680346
brand,72.24190064794816
fatty,72.24190064794816
feral,72.22462203023758
amuse,72.21598272138229
quiet,72.21598272138229
sepia,72.21598272138229
beefy,72.19870410367172
noble,72.19870410367172
peach,72.18142548596111
snout,72.17278617710582
curly,72.15550755939525
enact,72.12095032397409
alloy,72.1036717062635
rifle,72.06911447084234
braid,72.03455723542118
globe,72.03455723542118
power,71.99136069114472
heard,71.9913606911447
loath,71.96544276457884
clean,71.94816414686825
horny,71.93952483801294
level,71.8963282937365
tithe,71.88768898488121
glove,71.87904967602591
grain,71.87904967602591
rivet,71.87904967602591
quite,71.87041036717063
asset,71.87041036717062
heavy,71.87041036717062
spell,71.85313174946003
obese,71.83585313174947
broil,71.82721382289417
curve,71.82721382289417
earth,71.82721382289417
pasty,71.82721382289417
clash,71.81857451403887
venue,71.8012958963283
newer,71.792656587473
bevel,71.78401727861771
needy,71.74082073434127
grief,71.74082073434126
steak,71.70626349892008
reply,71.6889848812095
harem,71.67170626349892
yearn,71.67170626349892
sugar,71.66306695464363
trend,71.65442764578833
cheek,71.63714902807777
quote,71.63714902807776
taken,71.62850971922246
clued,71.61123110151188
waver,71.61123110151188
flirt,71.60259179265658
homer,71.58531317494601
river,71.57667386609072
poker,71.51619870410367
bible,71.4902807775378
bread,71.4902807775378
aorta,71.44708423326134
towel,71.44708423326134
color,71.42980561555075
brass,71.42116630669545
gravy,71.37796976241901
gazer,71.377969762419
verve,71.36933045356372
nanny,71.35205183585313
polar,71.34341252699784
sloop,71.34341252699784
totem,71.32613390928725
halve,71.25701943844493
wafer,71.23974082073434
croak,71.22246220302375
renew,71.1879049676026
splat,71.170626349892
slick,71.15334773218142
track,71.13606911447084
older,71.12742980561556
purge,71.11879049676025
rotor,71.10151187904967
soggy,71.10151187904967
crack,71.0755939524838
sling,71.05831533477321
fault,71.04967602591793
gassy,71.04103671706262
angle,71.03239740820734
risen,71.03239740820734
tuber,71.00647948164148
candy,71.00647948164146
daunt,70.99784017278617
ounce,70.98056155507558
abuse,70.96328293736501
chest,70.94600431965443
movie,70.94600431965443
drill,70.93736501079914
banal,70.91144708423326
rodeo,70.91144708423326
dunce,70.88552915766738
scald,70.85961123110151
total,70.84233261339094
spill,70.84233261339092
heath,70.83369330453564
strut,70.82505399568035
amaze,70.81641468682506
piper,70.81641468682506
sneak,70.80777537796976
peril,70.79049676025917
cress,70.77321814254859
silky,70.74730021598272
decay,70.73002159827215
pouty,70.73002159827215
badly,70.73002159827213
rebar,70.72138228941685
tonal,70.72138228941685
tacit,70.71274298056156
droll,70.70410367170626
mover,70.66954643628509
tangy,70.66090712742981
geeky,70.64362850971924
randy,70.63498920086393
boxer,70.61771058315335
frill,70.60907127429806
gauze,70.58315334773218
fibre,70.57451403887688
fancy,70.50539956803456
wheel,70.48812095032397
linen,70.47948164146868
gaunt,70.4622030237581
weedy,70.44492440604752
brunt,70.41900647948165
wince,70.41900647948165
smell,70.41900647948164
bilge,70.41036717062636
dolly,70.41036717062634
grill,70.40172786177106
showy,70.38444924406046
loopy,70.3585313174946
wiser,70.34125269978402
binge,70.33261339092873
cream,70.31533477321815
otter,70.31533477321815
stack,70.31533477321814
abide,70.29805615550757
shack,70.27213822894169
bossy,70.26349892008639
broad,70.2462203023758
smash,70.21166306695464
slush,70.17710583153348
anger,70.16846652267819
their,70.1598272138229
lodge,70.1511879049676
spark,70.1425485961123
spurt,70.11663066954642
juice,70.10799136069114
flint,70.09935205183584
groan,70.09071274298057
folly,70.08207343412526
abode,70.06479481641469
flail,70.0475161987041
mower,70.03887688984882
alarm,70.03887688984881
gavel,70.02159827213823
tooth,70.02159827213823
spoil,70.02159827213822
plume,69.99568034557237
grand,69.99568034557235
petal,69.9524838012959
allot,69.93520518358531
draft,69.93520518358531
model,69.89200863930887
etude,69.89200863930886
glint,69.89200863930886
golly,69.87473002159827
prank,69.8488120950324
penal,69.83153347732181
class,69.78833693304534
dread,69.77969762419006
swirl,69.7451403887689
bugle,69.72786177105831
drool,69.71058315334773
await,69.70194384449245
break,69.69330453563715
built,69.69330453563715
hover,69.65874730021599
coven,69.6501079913607
swell,69.63282937365011
ardor,69.62419006479482
serum,69.62419006479482
spool,69.61555075593952
girly,69.58963282937364
decry,69.56371490280777
steam,69.55507559395248
tapir,69.54643628509719
cross,69.52915766738661
snowy,69.52915766738661
shirk,69.48596112311014
leech,69.46868250539958
trawl,69.46868250539957
hoard,69.45140388768898
azure,69.4427645788337
swash,69.42548596112312
clout,69.4254859611231
snack,69.41684665226782
crawl,69.40820734341253
scorn,69.40820734341253
graft,69.39956803455723
molar,69.39092872570194
burly,69.38228941684665
beech,69.3563714902808
tawny,69.35637149028078
ovine,69.3390928725702
savvy,69.3218142548596
begat,69.31317494600432
grimy,69.30453563714903
scout,69.29589632829374
stork,69.29589632829372
after,69.28725701943846
aunty,69.28725701943844
liver,69.28725701943844
spout,69.25269978401728
dirty,69.2181425485961
sonic,69.20950323974081
shift,69.18358531317493
basal,69.17494600431965
grass,69.17494600431965
moral,69.17494600431965
bezel,69.16630669546439
lithe,69.16630669546436
haunt,69.14902807775377
plain,69.1231101511879
baron,69.09719222462203
nasty,69.08855291576674
manor,69.05399568034557
screw,69.05399568034557
goody,69.04535637149027
worst,69.03671706263499
hedge,69.01943844492442
flyer,68.99352051835854
fatal,68.99352051835852
scour,68.99352051835852
stood,68.97624190064793
femme,68.96760259179266
floor,68.95032397408207
nicer,68.94168466522679
navel,68.9330453563715
hasty,68.86393088552916
choir,68.85529157667386
clank,68.81209503239741
grout,68.81209503239741
perky,68.80345572354211
sheik,68.78617710583154
coyly,68.76889848812094
moody,68.74298056155507
drank,68.73434125269978
shyly,68.6997840172786
inlet,68.65658747300216
sixty,68.64794816414687
spank,68.63930885529157
remit,68.62203023758099
swill,68.62203023758099
bowel,68.6133909287257
shawl,68.60475161987041
token,68.60475161987041
hotly,68.6047516198704
privy,68.59611231101512
usage,68.58747300215984
fiber,68.58747300215983
swath,68.56155507559396
holly,68.56155507559394
flume,68.55291576673866
fetal,68.50971922246221
hardy,68.5097192224622
furry,68.46652267818574
ether,68.44924406047517
guest,68.41468682505399
faith,68.4060475161987
frank,68.4060475161987
inter,68.39740820734342
ridge,68.3974082073434
booby,68.38012958963282
armor,68.35421166306696
awoke,68.34557235421167
dodge,68.32829373650108
image,68.29373650107992
adobe,68.2937365010799
split,68.2937365010799
sulky,68.2937365010799
torso,68.2937365010799
inner,68.27645788336935
ensue,68.26781857451405
spiky,68.26781857451402
nerdy,68.25053995680345
suing,68.23326133909286
apple,68.207343412527
buyer,68.207343412527
ulcer,68.207343412527
quake,68.19006479481642
madly,68.18142548596111
fruit,68.17278617710583
grunt,68.17278617710583
talon,68.17278617710582
phony,68.16414686825054
queue,68.15550755939525
study,68.14686825053995
valve,68.0950323974082
billy,68.07775377969762
gnome,68.06911447084234
flaky,68.06047516198704
clasp,68.04319654427644
canon,68.03455723542116
stink,68.02591792656587
crisp,68.01727861771059
metal,68.0
fresh,67.9913606911447
lunge,67.9913606911447
bulge,67.95680345572354
wrath,67.95680345572354
scalp,67.95680345572353
wedge,67.94816414686827
crook,67.93952483801296
broth,67.92224622030238
amity,67.9049676025918
speak,67.88768898488121
arbor,67.87904967602591
onset,67.86177105831536
retro,67.85313174946005
raspy,67.85313174946003
bland,67.83585313174946
aroma,67.792656587473
ankle,67.78401727861771
every,67.75809935205183
wider,67.74082073434126
mossy,67.71490280777537
natal,67.6976241900648
freak,67.65442764578833
rural,67.62850971922246
balmy,67.60259179265658
cabal,67.60259179265658
first,67.58531317494601
ozone,67.56803455723542
slurp,67.56803455723542
scion,67.52483801295895
blurt,67.51619870410367
moult,67.51619870410367
tweed,67.4989200863931
utter,67.4902807775378
berth,67.48164146868251
ripen,67.47300215982722
diver,67.46436285097192
harpy,67.46436285097191
decoy,67.44708423326134
guilt,67.44708423326134
regal,67.43844492440606
grasp,67.42980561555075
press,67.4038876889849
koala,67.39524838012959
piano,67.39524838012959
atoll,67.3866090712743
tryst,67.35205183585313
joist,67.34341252699784
entry,67.30885529157668
skill,67.2829373650108
reign,67.24838012958963
spoon,67.24838012958963
aloft,67.22246220302375
bitty,67.21382289416847
groin,67.21382289416847
booth,67.18790496760259
chain,67.1792656587473
oaken,67.1792656587473
burst,67.170626349892
slunk,67.170626349892
sworn,67.14470842332614
storm,67.14470842332612
mount,67.13606911447084
shook,67.13606911447084
strap,67.11015118790496
thief,67.10151187904967
fluke,67.0755939524838
cello,67.05831533477323
chief,67.04103671706264
kneel,67.04103671706264
agony,67.03239740820734
plaid,67.03239740820734
spend,67.01511879049676
flash,67.00647948164146
joint,67.00647948164146
above,66.99784017278617
brood,66.96328293736501
derby,66.96328293736501
posit,66.95464362850971
setup,66.95464362850971
hurry,66.94600431965442
apnea,66.93736501079914
giver,66.92872570194385
glean,66.92872570194385
dowel,66.90280777537798
clerk,66.89416846652267
troop,66.89416846652267
vague,66.89416846652267
donor,66.8682505399568
untie,66.8682505399568
octet,66.84233261339094
exalt,66.84233261339092
burnt,66.83369330453564
spasm,66.82505399568035
cloak,66.81641468682506
chard,66.79913606911447
erupt,66.78185745140388
hinge,66.7732181425486
ample,66.77321814254859
gayly,66.77321814254859
libel,66.7645788336933
trick,66.70410367170626
caddy,66.66954643628509
clack,66.66954643628509
woody,66.6609071274298
crick,66.64362850971922
brawl,66.63498920086393
ratio,66.62634989200863
debar,66.60907127429806
scarf,66.60043196544277
smoky,66.60043196544277
cleft,66.59179265658747
quart,66.59179265658747
queen,66.58315334773218
clang,66.57451403887688
salvo,66.5572354211663
dandy,66.52267818574514
plead,66.48812095032397
weird,66.48812095032397
tenth,66.47948164146868
claim,66.4535637149028
ahead,66.41900647948165
crock,66.41036717062634
islet,66.40172786177106
avert,66.37580993520518
rerun,66.37580993520518
dilly,66.36717062634989
vault,66.36717062634989
brisk,66.34989200863932
stoic,66.3498920086393
abbey,66.34125269978401
haven,66.34125269978401
refit,66.32397408207343
basil,66.29805615550755
maybe,66.29805615550755
cloth,66.28941684665227
dress,66.28941684665227
abort,66.28077753779698
marsh,66.28077753779698
pixie,66.2548596112311
teddy,66.2462203023758
golem,66.20302375809936
angel,66.19438444924407
scold,66.19438444924405
gaudy,66.17710583153347
goofy,66.16846652267819
ebony,66.1598272138229
lanky,66.1598272138229
torch,66.1598272138229
motor,66.1511879049676
boozy,66.12526997840173
agent,66.10799136069116
drama,66.09935205183587
hazel,66.09071274298057
stoop,66.07343412526997
cycle,66.0561555075594
blank,66.03887688984881
filly,66.03887688984881
swept,66.03023758099353
brink,66.01295896328294
blunt,66.01295896328293
amble,65.98704103671706
vaunt,65.98704103671706
evoke,65.9438444924406
squat,65.9438444924406
novel,65.90928725701944
lefty,65.88336933045358
arson,65.88336933045356
froth,65.88336933045356
stick,65.88336933045355
wheat,65.87473002159828
annoy,65.8574514038877
jelly,65.85745140388768
enemy,65.8488120950324
inert,65.8488120950324
resin,65.8488120950324
nasal,65.8401727861771
dream,65.83153347732181
shelf,65.78833693304536
sting,65.78833693304534
swarm,65.77105831533477
chill,65.70194384449243
ovary,65.70194384449243
hovel,65.68466522678186
credo,65.66738660907129
crush,65.66738660907127
stock,65.65010799136068
labor,65.63282937365011
bully,65.62419006479482
shock,65.60691144708423
gland,65.58963282937366
being,65.58099352051836
grind,65.56371490280777
frond,65.53779697624189
ditty,65.50323974082073
drift,65.50323974082073
proxy,65.50323974082073
pedal,65.49460043196544
tipsy,65.49460043196544
lunar,65.47732181425486
godly,65.46004319654426
plank,65.44276457883369
email,65.42548596112312
krill,65.42548596112312
catch,65.40820734341253
knave,65.39956803455723
baton,65.38228941684665
flora,65.36501079913606
query,65.33909287257019
caulk,65.3304535637149
cacao,65.32181425485962
duvet,65.31317494600432
rusty,65.30453563714903
bleak,65.28725701943844
mangy,65.27861771058315
harsh,65.26997840172785
perch,65.26997840172785
cigar,65.20086393088553
robot,65.20086393088553
snoop,65.17494600431965
brook,65.16630669546436
bunny,65.16630669546436
legal,65.14902807775378
assay,65.14902807775377
amber,65.12311015118792
colon,65.08855291576674
wreak,65.06263498920087
smack,65.06263498920086
heron,65.05399568034558
sword,65.05399568034557
dross,65.04535637149027
unset,65.03671706263499
tutor,65.03671706263498
swoon,65.0280777537797
dryly,65.0194384449244
honor,65.0194384449244
papal,65.0194384449244
tramp,65.01079913606911
jetty,64.99352051835854
swish,64.99352051835854
decor,64.97624190064795
pooch,64.97624190064795
valor,64.95896328293736
cramp,64.95032397408207
fraud,64.95032397408207
slung,64.93304535637148
drawl,64.9244060475162
ranch,64.9157667386609
smith,64.9157667386609
shush,64.86393088552916
truth,64.86393088552916
olden,64.78617710583154
gaffe,64.77753779697625
glass,64.76889848812095
recut,64.75161987041037
caput,64.74298056155507
viper,64.69114470842334
ghost,64.68250539956803
handy,64.67386609071274
fauna,64.66522678185746
flout,64.61339092872569
sperm,64.57019438444924
retch,64.55291576673866
exert,64.54427645788337
minty,64.54427645788337
fixer,64.53563714902808
hilly,64.51835853131749
gross,64.5097192224622
fella,64.44924406047517
recur,64.44924406047517
tacky,64.44924406047517
titan,64.43196544276458
blend,64.41468682505399
depot,64.41468682505399
wordy,64.41468682505399
clink,64.38012958963282
essay,64.36285097192226
whiny,64.36285097192224
ember,64.33693304535637
flask,64.33693304535637
nadir,64.33693304535637
exact,64.31965442764579
pilot,64.31965442764579
flour,64.3110151187905
frisk,64.3110151187905
drink,64.3023758099352
decal,64.28509719222461
ninny,64.28509719222461
thorn,64.28509719222461
smirk,64.27645788336932
brawn,64.26781857451404
guard,64.26781857451404
royal,64.24190064794816
strip,64.23326133909286
stamp,64.19006479481641
women,64.17278617710583
putty,64.16414686825053
owner,64.15550755939525
theta,64.13822894168467
could,64.1036717062635
event,64.08639308855292
bused,64.08639308855291
cargo,64.06047516198704
aptly,64.05183585313175
debit,64.03455723542118
flank,64.0
twist,63.99999999999999
lowly,63.991360691144706
fecal,63.956803455723545
straw,63.93952483801295
basin,63.93088552915766
threw,63.93088552915766
befit,63.922246220302384
circa,63.91360691144708
dully,63.913606911447076
jaunt,63.90496760259179
black,63.89632829373649
idler,63.887688984881216
chalk,63.879049676025915
furor,63.879049676025915
brick,63.87041036717063
vogue,63.87041036717063
delta,63.87041036717062
razor,63.85313174946004
avail,63.80993520518358
march,63.801295896328284
along,63.78401727861771
bring,63.77537796976242
mania,63.75809935205183
toddy,63.70626349892009
truss,63.69762419006479
missy,63.67170626349892
prawn,63.67170626349892
wrack,63.67170626349892
pasta,63.65442764578833
patio,63.62850971922246
prism,63.60259179265659
china,63.593952483801296
bless,63.59395248380129
flesh,63.58531317494601
fully,63.585313174946
local,63.56803455723542
thank,63.55939524838013
budge,63.542116630669554
cyber,63.542116630669554
medal,63.542116630669554
moron,63.524838012958966
chaos,63.52483801295896
llama,63.51619870410367
sight,63.49028077753779
spurn,63.4730021598272
voila,63.46436285097192
midge,63.44708423326135
willy,63.447084233261336
blind,63.40388768898488
eclat,63.3866090712743
afoot,63.377969762419
gully,63.377969762419
graph,63.36933045356371
spook,63.36069114470842
round,63.35205183585313
lofty,63.34341252699784
scrap,63.334773218142544
jolly,63.31749460043196
joker,63.30885529157668
paddy,63.30021598272138
arrow,63.29157667386609
dowry,63.29157667386609
align,63.282937365010795
cavil,63.2742980561555
prick,63.2742980561555
bravo,63.24838012958963
pesky,63.23110151187905
edict,63.22246220302375
swift,63.18790496760258
blond,63.170626349892004
unity,63.170626349892004
deign,63.13606911447084
funny,63.12742980561555
rebut,63.10151187904968
audit,63.10151187904967
adapt,63.084233261339094
newly,63.084233261339094
speck,63.0755939524838
pecan,63.032397408207345
lasso,63.02375809935205
broom,63.015118790496764
lusty,63.01511879049676
icily,63.00647948164146
mayor,63.00647948164146
other,62.97192224622031
prong,62.94600431965442
metro,62.90280777537798
uncle,62.90280777537797
forth,62.902807775377966
brush,62.89416846652268
charm,62.85097192224622
felon,62.816414686825055
feign,62.80777537796977
latch,62.74730021598272
moldy,62.738660907127425
porch,62.73002159827213
trunk,62.721382289416844
again,62.67818574514039
award,62.67818574514039
mural,62.67818574514038
began,62.6695464362851
waxen,62.6695464362851
habit,62.669546436285096
batch,62.63498920086393
nobly,62.62634989200863
kneed,62.58315334773219
angry,62.58315334773218
bliss,62.58315334773218
witty,62.58315334773218
aloud,62.5658747300216
drawn,62.55723542116631
pagan,62.557235421166304
blood,62.5572354211663
dozen,62.54859611231102
relic,62.53995680345572
donut,62.53131749460043
touch,62.514038876889856
zesty,62.514038876889856
spawn,62.4622030237581
couch,62.453563714902806
baggy,62.43628509719222
third,62.42764578833693
lumen,62.419006479481645
awash,62.38444924406048
field,62.38444924406048
crown,62.37580993520518
exist,62.367170626349896
acorn,62.36717062634989
cabin,62.358531317494595
jewel,62.349892008639316
droop,62.3498920086393
tidal,62.341252699784015
orbit,62.323974082073434
melon,62.30669546436285
scoop,62.29805615550755
scram,62.289416846652266
conch,62.26349892008639
curvy,62.2548596112311
woven,62.24622030237581
click,62.23758099352051
hefty,62.21166306695464
croup,62.194384449244055
daddy,62.18574514038876
radio,62.16846652267819
cling,62.142548596112306
under,62.133909287257026
chord,62.13390928725702
upset,62.116630669546446
belch,62.107991360691145
wryly,62.09935205183585
tabby,62.073434125269976
leggy,62.06479481641469
fugue,62.056155507559396
patch,62.03887688984881
bench,62.03023758099353
favor,62.030237580993514
cabby,62.01295896328293
pixel,62.004319654427654
fiend,62.00431965442765
quest,62.00431965442765
clock,62.00431965442764
mourn,61.99568034557235
minor,61.98704103671706
loyal,61.95248380129589
inlay,61.93520518358531
stunk,61.90064794816414
vowel,61.89200863930886
thyme,61.87473002159828
flack,61.85745140388769
liken,61.840172786177106
oxide,61.840172786177106
aloof,61.82289416846652
final,61.80561555075594
downy,61.78833693304536
proud,61.727861771058315
fussy,61.72786177105831
chasm,61.68466522678186
cobra,61.68466522678185
cheap,61.641468682505405
rayon,61.61555075593952
blink,61.60691144708423
north,61.60691144708423
abled,61.59827213822894
frock,61.598272138228936
shown,61.57235421166306
rigor,61.546436285097194
fudge,61.50323974082073
woozy,61.494600431965445
modem,61.48596112311016
rhyme,61.4427645788337
nutty,61.42548596112311
focal,61.416846652267814
widen,61.39956803455724
prowl,61.37365010799135
theft,61.33909287257019
doing,61.3304535637149
verso,61.27861771058316
child,61.24406047516198
cocoa,61.218142548596106
joust,61.218142548596106
axial,61.20950323974082
dusty,61.19222462203024
curio,61.19222462203023
gonad,61.183585313174945
fetid,61.17494600431965
niche,61.166306695464364
unmet,61.166306695464364
knife,61.15766738660907
skull,61.15766738660906
woken,61.1403887688985
amass,61.14038876889849
parka,61.11447084233261
chess,61.05399568034558
quilt,61.03671706263499
recap,61.03671706263499
rhino,61.019438444924404
torus,61.019438444924404
modal,61.002159827213816
rocky,60.99352051835853
lemur,60.98488120950324
proof,60.98488120950324
mason,60.97624190064794
pesto,60.967602591792655
build,60.95896328293736
viral,60.95896328293736
bound,60.95032397408207
bicep,60.94168466522679
larva,60.94168466522678
evict,60.933045356371494
birth,60.89848812095032
gleam,60.88984881209504
twirl,60.889848812095025
ombre,60.84665226781858
bacon,60.82937365010799
going,60.79481641468682
adorn,60.77753779697624
groom,60.76889848812095
hello,60.7257019438445
cloud,60.69114470842332
basis,60.68250539956803
dimly,60.68250539956803
rapid,60.68250539956803
pique,60.665226781857456
gusty,60.65658747300216
gnash,60.630669546436295
tepid,60.63066954643629
actor,60.63066954643628
relax,60.622030237580994
quail,60.60475161987041
jerky,60.59611231101512
given,60.587473002159825
primo,60.57883369330453
truck,60.57883369330453
clamp,60.54427645788336
juicy,60.53563714902808
flood,60.518358531317496
crimp,60.51835853131749
dwelt,60.50971922246221
odder,60.49244060475162
taboo,60.449244060475166
gipsy,60.414686825054
scamp,60.41468682505399
adult,60.406047516198704
iliac,60.4060475161987
smock,60.3974082073434
infer,60.37149028077754
agora,60.36285097192224
pound,60.35421166306696
tonic,60.354211663066955
musty,60.35421166306695
world,60.34557235421166
worth,60.3110151187905
floss,60.31101511879049
eject,60.29373650107992
neigh,60.29373650107991
conic,60.293736501079906
tango,60.285097192224626
crowd,60.28509719222462
taffy,60.28509719222462
wreck,60.25053995680346
gourd,60.207343412526996
hussy,60.207343412526996
nudge,60.207343412526996
scowl,60.207343412526996
knelt,60.138228941684666
fetch,60.11231101511879
overt,60.11231101511879
gloss,60.1036717062635
match,60.08639308855291
bawdy,60.06911447084233
naval,60.043196544276455
swoop,60.03455723542116
ivory,60.01727861771058
kitty,59.991360691144706
sumac,59.98272138228941
welsh,59.956803455723545
panic,59.948164146868244
rabid,59.8963282937365
avian,59.88768898488121
begin,59.79265658747301
wield,59.792656587473004
spoof,59.77537796976242
druid,59.76673866090712
stuck,59.75809935205183
limit,59.74946004319654
swing,59.749460043196535
ashen,59.740820734341256
growl,59.72354211663067
shuck,59.714902807775374
adept,59.66306695464363
stung,59.663066954643625
risky,59.645788336933045
ralph,59.637149028077744
botch,59.611231101511876
brown,59.60259179265659
vapor,59.58531317494601
staff,59.54211663066954
about,59.52483801295896
stomp,59.52483801295895
issue,59.51619870410367
comfy,59.498920086393085
tonga,59.46436285097192
chirp,59.46436285097191
crypt,59.45572354211663
bigot,59.447084233261336
rowdy,59.447084233261336
borax,59.43844492440604
whirl,59.42116630669547
radii,59.42116630669546
gamut,59.41252699784017
cacti,59.377969762419006
mammy,59.36933045356371
tumor,59.30885529157667
annex,59.30021598272138
lemon,59.2829373650108
birch,59.282937365010795
sprig,59.282937365010795
angst,59.248380129589634
organ,59.248380129589634
block,59.23110151187905
viola,59.18790496760259
demur,59.16198704103671
wring,59.144708423326136
think,59.12742980561555
folio,59.118790496760255
rajah,59.118790496760255
pouch,59.084233261339094
hatch,59.0755939524838
dingy,59.049676025917925
chili,59.023758099352044
weigh,58.99784017278617
debut,58.98920086393088
robin,58.96328293736501
media,58.93736501079914
found,58.91144708423326
wrong,58.91144708423326
midst,58.902807775377966
slump,58.902807775377966
pithy,58.88552915766738
rumor,58.8768898488121
snuck,58.85961123110151
femur,58.83369330453564
macro,58.833693304535636
swami,58.83369330453563
basic,58.807775377969755
dodgy,58.75593952483801
mouth,58.74730021598272
guild,58.71274298056156
rival,58.71274298056156
girth,58.652267818574515
apply,58.63498920086393
sixth,58.61771058315335
bloom,58.60907127429805
doubt,58.60907127429805
sigma,58.58315334773218
excel,58.565874730021605
month,58.55723542116631
amend,58.53995680345572
guess,58.52267818574514
ocean,58.51403887688985
filmy,58.49676025917927
blush,58.488120950323975
zonal,58.46220302375809
yield,58.45356371490281
major,58.444924406047505
fleck,58.436285097192226
adopt,58.41900647948164
mound,58.401727861771064
pinky,58.38444924406048
mirth,58.349892008639316
plaza,58.3498920086393
churn,58.33261339092873
motto,58.33261339092873
happy,58.33261339092872
devil,58.306695464362846
ideal,58.272138228941685
poppy,58.272138228941685
idiot,58.2548596112311
upper,58.2548596112311
cinch,58.220302375809936
edify,58.20302375809935
drunk,58.17710583153348
swamp,58.1511879049676
digit,58.14254859611231
tubal,58.142548596112306
laugh,58.09935205183585
spunk,58.08207343412527
shrug,58.01295896328293
lurid,58.00431965442765
watch,58.00431965442765
hyper,57.99568034557235
manic,57.99568034557235
clown,57.96976241900647
apron,57.96112311015119
opera,57.943844492440604
check,57.93520518358532
synod,57.93520518358531
drown,57.892008639308855
plush,57.892008639308855
murky,57.814254859611225
tough,57.79697624190065
quell,57.77105831533477
video,57.7451403887689
cough,57.7365010799136
expel,57.70194384449245
enema,57.67602591792657
udder,57.667386609071286
condo,57.60691144708423
frown,57.563714902807774
quash,57.563714902807774
envoy,57.53779697624191
welch,57.477321814254864
demon,57.46004319654428
denim,57.43412526997841
flick,57.4254859611231
wench,57.399568034557234
hound,57.39092872570194
foggy,57.37365010799135
undue,57.36501079913607
login,57.365010799136066
rough,57.365010799136066
grown,57.35637149028078
fling,57.3304535637149
fritz,57.26997840172787
photo,57.261339092872575
vital,57.24406047516199
squad,57.20950323974082
amply,57.200863930885525
flock,57.19222462203024
group,57.17494600431965
fifty,57.14902807775378
pulpy,57.149028077753776
juror,57.11447084233261
manga,57.105831533477314
onion,57.09719222462203
ascot,57.002159827213816
ultra,57.002159827213816
usher,56.99352051835854
thick,56.98488120950324
wacky,56.984881209503236
vomit,56.95896328293736
lurch,56.94168466522678
valid,56.93304535637149
chick,56.92440604751619
mecca,56.90712742980561
thing,56.889848812095025
inept,56.84665226781858
biddy,56.829373650107996
tweak,56.81209503239741
visit,56.78617710583153
ruddy,56.77753779697624
aback,56.76889848812095
quill,56.76025917926566
vocal,56.73434125269978
amiss,56.708423326133904
pivot,56.708423326133904
augur,56.69978401727862
would,56.69978401727862
below,56.69114470842333
chock,56.69114470842332
often,56.682505399568036
epoch,56.67386609071275
vicar,56.665226781857456
thong,56.65658747300216
depth,56.639308855291574
bulky,56.604751619870406
lilac,56.54427645788337
windy,56.53563714902808
milky,56.509719222462195
epoxy,56.46652267818575
alibi,56.46652267818574
bison,56.45788336933045
shrub,56.457883369330446
flush,56.449244060475166
gloom,56.36285097192225
lobby,56.328293736501074
acrid,56.31965442764579
wound,56.31965442764579
exult,56.285097192224626
notch,56.27645788336933
dwell,56.23326133909288
forgo,56.22462203023758
bobby,56.21598272138228
civil,56.207343412526996
pinto,56.120950323974085
cluck,56.11231101511879
visor,56.07775377969762
quark,56.06047516198704
clung,56.01727861771057
tibia,55.991360691144706
guava,55.974082073434126
karma,55.96544276457883
vegan,55.94816414686825
embed,55.9049676025918
mafia,55.85313174946004
urban,55.73218142548596
eight,55.66306695464363
gawky,55.63714902807775
madam,55.61987041036717
fishy,55.585313174945995
rehab,55.559395248380135
axion,55.55939524838013
empty,55.507559395248386
pupal,55.498920086393085
morph,55.42116630669546
toxin,55.343412526997845
dowdy,55.334773218142544
twang,55.32613390928726
youth,55.32613390928726
woman,55.2829373650108
psalm,55.248380129589634
wagon,55.23974082073434
champ,55.23110151187905
blown,55.19654427645788
bushy,55.170626349892004
allow,55.12742980561555
ditto,55.12742980561555
stiff,55.11015118790496
filth,55.10151187904968
unlit,55.084233261339094
topic,55.05831533477322
fluid,55.032397408207345
offer,54.997840172786184
fetus,54.9719222462203
pitch,54.9719222462203
bough,54.96328293736501
thigh,54.937365010799134
elfin,54.92872570194385
aping,54.92872570194384
blitz,54.902807775377966
mango,54.902807775377966
skulk,54.902807775377966
audio,54.89416846652268
ionic,54.88552915766739
plunk,54.885529157667385
pinch,54.85097192224622
ghoul,54.816414686825055
piggy,54.7732181425486
annul,54.77321814254859
begun,54.747300215982726
judge,54.73866090712743
avoid,54.686825053995676
comic,54.686825053995676
impel,54.652267818574515
tight,54.63498920086393
knoll,54.61771058315334
giddy,54.58315334773218
pushy,54.574514038876885
skunk,54.52267818574514
funky,54.488120950323975
nomad,54.488120950323975
quasi,54.47084233261339
enjoy,54.46220302375811
afoul,54.46220302375809
bosom,54.46220302375809
trump,54.45356371490281
bongo,54.42764578833693
crump,54.39308855291576
buddy,54.37580993520518
scrum,54.36717062634989
unify,54.36717062634989
bonus,54.34989200863931
polka,54.33261339092873
union,54.272138228941685
syrup,54.22894168466522
sniff,54.21166306695464
right,54.20302375809935
kiosk,54.11663066954644
tulip,54.06479481641468
admit,54.02159827213823
wharf,54.01295896328294
picky,53.9524838012959
whack,53.9524838012959
quota,53.892008639308855
ditch,53.85745140388769
tunic,53.85745140388769
yacht,53.85745140388768
equal,53.840172786177106
wispy,53.75377969762419
sushi,53.73650107991361
timid,53.73650107991361
ninth,53.727861771058315
knead,53.693304535637154
octal,53.676025917926566
stump,53.632829373650104
swung,53.62419006479482
tempo,53.55507559395248
rigid,53.52051835853132
vixen,53.511879049676025
comma,53.49460043196544
howdy,53.485961123110144
flunk,53.44276457883369
climb,53.42548596112311
finch,53.40820734341253
macaw,53.399568034557234
pudgy,53.37365010799136
forum,53.35637149028078
hyena,53.35637149028078
attic,53.347732181425485
blimp,53.33909287257019
cumin,53.31317494600432
scuba,53.28725701943844
detox,53.269978401727855
among,53.26133909287257
dough,53.252699784017274
rebus,53.209503239740826
blurb,53.19222462203024
villa,53.183585313174945
medic,53.17494600431966
flown,53.15766738660907
butch,53.11447084233261
lunch,53.10583153347732
dusky,53.07991360691145
imbue,53.07127429805615
wrung,53.019438444924404
eying,53.00215982721382
topaz,52.99352051835854
bunch,52.99352051835853
datum,52.99352051835853
hunky,52.967602591792655
vouch,52.95896328293736
chunk,52.94168466522678
buggy,52.915766738660906
humor,52.915766738660906
rugby,52.81209503239741
qualm,52.786177105831534
motif,52.74298056155507
pluck,52.74298056155507
scrub,52.725701943844484
bayou,52.708423326133904
hobby,52.65658747300215
mushy,52.62203023758099
pupil,52.62203023758099
magic,52.60475161987041
antic,52.44924406047516
vigor,52.423326133909285
quack,52.414686825054
punch,52.3974082073434
skimp,52.38012958963283
aging,52.328293736501074
anvil,52.285097192224626
logic,52.241900647948164
musky,52.24190064794816
throb,52.24190064794816
lucky,52.207343412526996
which,52.190064794816415
lumpy,52.172786177105834
turbo,52.095032397408204
quoth,52.03455723542117
zebra,52.025917926565874
mogul,52.02591792656587
venom,52.01727861771059
hitch,52.008639308855294
abbot,52.0
whisk,52.0
tying,51.974082073434126
whelp,51.94816414686825
light,51.91360691144708
muddy,51.827213822894166
banjo,51.8012958963283
helix,51.78401727861771
oddly,51.78401727861771
puppy,51.77537796976242
micro,51.76673866090713
kinky,51.75809935205183
throw,51.75809935205183
crumb,51.70626349892009
disco,51.65442764578834
quirk,51.628509719222464
vapid,51.55939524838013
usual,51.54211663066954
gamma,51.498920086393085
cliff,51.46436285097192
magma,51.412526997840175
dutch,51.40388768898488
kayak,51.38660907127429
hymen,51.343412526997845
extra,51.334773218142544
lipid,51.32613390928726
twixt,51.282937365010795
hippy,51.26565874730022
husky,51.23110151187905
flung,51.20518358531317
mamma,51.196544276457885
scoff,51.101511879049674
ingot,51.01511879049676
extol,50.94600431965443
young,50.94600431965443
dwarf,50.93736501079914
witch,50.937365010799134
alpha,50.91144708423326
until,50.85097192224622
gulch,50.82505399568035
winch,50.816414686825055
chuck,50.79913606911447
duchy,50.7645788336933
waltz,50.73002159827214
dummy,50.686825053995676
eking,50.583153347732186
chaff,50.58315334773218
gypsy,50.55723542116631
abhor,50.557235421166304
myrrh,50.52267818574514
mulch,50.522678185745136
knack,50.50539956803456
lingo,50.49676025917927
vista,50.46220302375809
munch,50.44492440604752
intro,50.436285097192226
bingo,50.38444924406048
dumpy,50.34989200863931
gusto,50.28077753779698
toxic,50.220302375809936
askew,50.159827213822894
gummy,50.1511879049676
unfed,50.133909287257026
guppy,50.12526997840173
locus,50.030237580993514
minim,50.01295896328294
clump,49.98704103671706
imply,49.91792656587473
wimpy,49.88336933045356
unwed,49.87473002159828
human,49.85745140388769
mummy,49.8488120950324
fight,49.762419006479476
lucid,49.73650107991361
whoop,49.71058315334773
hutch,49.55507559395248
mucky,49.546436285097194
axiom,49.52051835853132
hunch,49.4341252699784
lying,49.25269978401728
might,49.252699784017274
thrum,49.24406047516199
dogma,49.2267818574514
livid,49.08855291576674
macho,49.07127429805615
havoc,49.04535637149027
stuff,48.984881209503236
vigil,48.855291576673864
squib,48.74298056155507
civic,48.717062634989205
dingo,48.67386609071275
rabbi,48.51835853131749
gecko,48.50971922246221
night,48.46652267818575
ovoid,48.423326133909285
polyp,48.31101511879049
mocha,48.25053995680345
elbow,48.18142548596113
omega,48.14686825053995
width,48.095032397408204
snuff,48.08639308855292
fjord,48.06047516198704
quick,47.98272138228942
focus,47.879049676025915
minus,47.758099352051836
ought,47.73218142548596
skiff,47.73218142548596
cubic,47.714902807775374
icing,47.68898488120951
index,47.68034557235421
junta,47.663066954643625
lyric,47.56803455723542
dying,47.42980561555075
virus,47.42116630669546
itchy,47.39524838012959
admin,47.377969762419006
puffy,47.334773218142544
ennui,47.30885529157668
wight,47.17062634989201
fifth,47.11879049676026
unfit,47.101511879049674
kebab,47.0755939524838
incur,47.032397408207345
maxim,46.946004319654435
outdo,46.84233261339093
mambo,46.790496760259174
music,46.738660907127425
ethos,46.68682505399568
plump,46.61771058315335
using,46.505399568034555
kappa,46.49676025917927
input,46.47084233261339
album,46.453563714902806
owing,46.44492440604752
outgo,46.436285097192226
cynic,46.39308855291577
debug,46.220302375809936
knock,45.840172786177106
lynch,45.70194384449244
idiom,45.57235421166307
uncut,45.529157667386606
junto,45.46004319654428
vinyl,45.42548596112311
mimic,45.32181425485961
aphid,45.21814254859611
ethic,45.21814254859611
occur,45.17494600431965
nylon,45.07991360691145
humid,44.88984881209503
thump,44.73434125269978
gruff,44.7257019438445
chump,44.67386609071275
pygmy,44.61339092872571
khaki,44.44060475161987
rumba,44.423326133909285
pubic,44.34557235421166
dizzy,44.138228941684666
jazzy,44.11231101511879
plumb,43.93088552915766
ficus,43.83585313174946
fizzy,43.80993520518359
vodka,43.792656587473004
endow,43.75809935205184
equip,43.60259179265659
ninja,43.60259179265658
bylaw,43.53347732181425
opium,43.498920086393085
aglow,43.43844492440604
optic,43.265658747300215
jumpy,43.25701943844493
fungi,43.144708423326136
abyss,43.09287257019438
usurp,43.01511879049676
igloo,42.75593952483801
lupus,42.66954643628509
idyll,42.60907127429805
bluff,42.5658747300216
vying,42.41900647948164
limbo,42.38444924406048
vivid,42.254859611231105
glyph,42.16846652267819
offal,42.13390928725702
thumb,42.0475161987041
undid,41.93520518358532
known,41.80561555075594
awful,41.727861771058315
jiffy,41.58099352051836
fuzzy,41.35637149028078
widow,41.062634989200866
hydro,40.99352051835853
hippo,40.88984881209504
mucus,40.872570194384444
fluff,40.52699784017278
umbra,40.27645788336933
buxom,39.56803455723542
whiff,38.74730021598272
humus,38.686825053995676
humph,38.47084233261339
gumbo,37.57235421166307
pizza,37.07991360691145
lymph,34.738660907127425
inbox,33.76241900647948
affix,33.23542116630669
unzip,33.21814254859611
nymph,31.291576673866093
jumbo,31.015118790496757
